Short_Name,previous,next,Zone,id,Trench_Name,Lon,Lat,Lon1,Lat1,Lon2,Lat2,Az,ZT,Xarc,EXarc,Harc1,EHarc1,Tsp,ETsp,Tsp1,ETsp1,Tsed,ETsed,Tsed1,ETsed1,Tchannel,ETchannel,Tchannel1,ETchannel1,MT,MT1,UPN,UPS,Rsw,Riw,Rlw,ERsw,ERiw,ERlw,A,Phi,Tt_slab,Te_slab,alphaS,alphaD,Rc,Ztomo,Zseis,M56_SP_Name,M56_SP_ref,M56_UP_Name,M56_UP_ref,M56_ARC_Name,M56_ARC_ref,M56_vs,M56_Azvs,M56_Ovs,M56_vsn,M56_vszn,M56_vc,M56_Azvc,M56_Ovc,M56_vcn,M56_vd,M56_Azvd,M56_Ovd,M56_vdn,Vup1,Az_Vup1,OVup1,Vupn1,Vsub1,Az_Vsub1,OVsub1,Vsubn1,Vt1,Az_Vt1,OVt1,Vtn1,Vup2,Az_Vup2,OVup2,Vupn2,Vsub2,Az_Vsub2,OVsub2,Vsubn2,Vt2,Az_Vt2,OVt2,Vtn2,Vup3,Az_Vup3,OVup3,Vupn3,Vsub3,Az_Vsub3,OVsub3,Vsubn3,Vt3,Az_Vt3,OVt3,Vtn3,Vup4,Az_Vup4,OVup4,Vupn4,Vsub4,Az_Vsub4,OVsub4,Vsubn4,Vt4,Az_Vt4,OVt4,Vtn4,N15_SP_Name,N15_SP_ref,N15_UP_Name,N15_UP_ref,N15_ARC_Name,N15_ARC_ref,N15_vs,N15_Azvs,N15_Ovs,N15_vsn,N15_vszn,N15_vc,N15_Azvc,N15_Ovc,N15_vcn,N15_vd,N15_Azvd,N15_Ovd,N15_vdn,Vup5,Az_Vup5,OVup5,Vupn5,Vsub5,Az_Vsub5,OVsub5,Vsubn5,Vt5,Az_Vt5,OVt5,Vtn5,Vup6,Az_Vup6,OVup6,Vupn6,Vsub6,Az_Vsub6,OVsub6,Vsubn6,Vt6,Az_Vt6,OVt6,Vtn6,Vup7,Az_Vup7,OVup7,Vupn7,Vsub7,Az_Vsub7,OVsub7,Vsubn7,Vt7,Az_Vt7,OVt7,Vtn7,Vup8,Az_Vup8,OVup8,Vupn8,Vsub8,Az_Vsub8,OVsub8,Vsubn8,Vt8,Az_Vt8,OVt8,Vtn8,Vup9,Az_Vup9,OVup9,Vupn9,Vsub9,Az_Vsub9,OVsub9,Vsubn9,Vt9,Az_Vt9,OVt9,Vtn9,Ux,Ux1,Uz,Uz1,Dx,Dx1,Dz,Dz1,W,W1,theta,theta1,N,N1,tau,tau1,MR,MR1,MMRR,MMRR1,Mmax,Mmax1,SeismicC1,Phi_sed,Phi_channel
NPA1,-,NPA2,NPA,1,Japan,142.2,35.0,145.1,33.7,133.0,38.3,297.1,8.1,-,-,-,-,0.2,-,-,-,-,-,0.5,-,1.2,-,-,-,erosional,undefined, continental,compressive,205,1233,712,97,905,484,132,5808,106,48,26,31,500,670,566,PACIFIC,Argus et al. (2011),AMUR,Argus et al. (2011),OKHOTSK,Argus et al. (2011),93,291,7,93,44,99,287,10,98,8,247,51,5,1,107,170,1,98,287,10,96,7,241,56,-4,13,82,145,11,87,291,6,87,6,101,164,6,12,89,152,10,88,290,7,87,5,122,175,5,29,121,176,29,71,282,15,69,25,135,162,24,PACIFIC,Gripp & Gordon (2002),AMUR,Heki et al. (1999),HONSHU,Mazzotti et al. (2001),93,295,1,93,46,101,295,4,101,-,-,-,8,12,286,5,-12,114,293,4,114,22,286,15,-21,24,130,5,24,78,286,6,78,14,130,3,14,20,130,2,20,82,286,4,82,10,132,12,10,14,133,16,13,89,291,6,89,4,153,36,3,35,130,13,34,69,286,11,68,25,132,15,24,24,57,16,10,228,210,60,60,208,161,12,18,33,215,498,671,0.37,746.56,7.8,9.1,6.3,9.1,0.93,52,19
NPA2,NPA1,NPA3,NPA,2,Japan,143.5,37.0,146.4,35.7,134.2,40.6,298.9,7.6,314,-,104,9,0.3,-,-,-,0.4,-,-,-,1.5,-,-,-,erosional,undefined, continental,compressive,187,1300,711,112,960,544,134,5628,107,49,24,30,560,670,582,PACIFIC,Argus et al. (2011),AMUR,Argus et al. (2011),OKHOTSK,Argus et al. (2011),93,291,8,92,42,98,288,11,96,7,243,56,4,1,107,168,1,97,288,11,95,7,237,62,-3,13,81,142,10,87,292,7,86,6,102,163,6,11,89,150,10,87,291,8,86,6,123,176,6,28,122,177,28,70,283,16,68,25,136,163,24,PACIFIC,Gripp & Gordon (2002),AMUR,Heki et al. (1999),HONSHU,Mazzotti et al. (2001),92,296,2,92,44,101,296,5,101,-,-,-,9,12,287,7,-12,112,294,5,112,21,287,18,-20,24,131,5,24,76,287,7,76,15,131,3,15,20,131,2,20,80,287,5,80,11,134,10,11,13,135,16,13,88,292,7,87,4,155,36,4,34,131,12,33,68,287,12,67,25,134,15,24,57,57,9,10,200,210,54,60,150,161,17,18,41,215,620,671,5.3,746.56,8.5,9.1,7.6,9.1,0.93,54,14
NPA3,NPA2,NPA4,NPA,3,Japan,144.2,39.0,147.6,38.6,133.8,39.5,276.6,7.3,322,-,104,9,-,-,0.3,-,-,-,0.4,-,2.0,-,-,-,erosional,undefined, continental,compressive,79,213,139,66,223,74,132,5148,106,48,23,29,580,670,566,PACIFIC,Argus et al. (2011),AMUR,Argus et al. (2011),OKHOTSK,Argus et al. (2011),92,292,15,89,39,96,289,12,94,7,239,37,6,1,107,169,1,96,289,12,93,6,233,44,-4,12,81,164,12,86,292,16,82,7,103,174,7,11,89,172,11,86,291,14,84,6,122,154,5,28,122,154,25,70,283,7,69,25,136,140,20,PACIFIC,Gripp & Gordon (2002),AMUR,Heki et al. (1999),HONSHU,Mazzotti et al. (2001),92,297,20,86,40,101,297,18,96,-,-,-,10,11,287,14,-11,111,294,17,106,20,287,3,-20,25,132,26,23,75,286,15,72,16,132,25,15,21,132,21,20,79,286,17,75,12,135,16,12,15,135,38,12,86,291,15,84,6,151,54,3,35,132,35,28,68,286,9,67,26,135,38,20,61,57,8,10,192,210,49,60,137,161,17,18,58,215,848,671,6.9,746.56,8.6,9.1,7.6,9.1,0.93,54,12
NPA4,NPA3,NPA5,NPA,4,Japan,144.5,40.5,147.7,39.4,134.2,43.1,291.9,7.4,336,-,104,9,0.3,-,-,-,-,-,0.4,-,1.0,-,-,-,erosional,undefined, continental,compressive,91,544,281,69,615,231,130,4420,105,48,19,25,580,670,564,PACIFIC,Argus et al. (2011),AMUR,Argus et al. (2011),OKHOTSK,Argus et al. (2011),92,292,0,92,34,95,289,3,95,6,236,56,3,1,108,176,1,95,289,3,95,6,230,62,-3,12,80,149,10,85,293,1,85,7,103,171,7,11,89,157,10,86,291,1,86,6,122,170,6,27,123,169,27,69,283,9,69,25,136,156,23,PACIFIC,Gripp & Gordon (2002),AMUR,Heki et al. (1999),HONSHU,Mazzotti et al. (2001),91,297,7,90,36,99,297,3,99,-,-,-,9,11,288,1,-11,110,295,3,110,20,288,12,-20,24,133,12,24,75,287,1,75,15,133,12,15,21,133,5,21,78,287,4,78,12,137,0,12,14,137,25,13,86,292,1,86,5,160,48,4,34,133,21,32,68,287,5,67,25,137,25,23,39,57,8,10,234,210,64,60,203,161,16,18,50,215,747,671,5.9,746.56,8.6,9.1,7.7,9.1,0.93,54,19
NPA5,NPA4,NPA6,NPA,5,Kurils,145.5,41.5,147.8,39.4,137.7,47.4,318.5,7.1,280,-,104,9,-,-,0.3,-,-,-,0.8,-,-,-,0.6,-,undefined,erosional, continental,neutral,110,678,361,71,651,252,130,4940,105,48,24,32,500,670,550,PACIFIC,Argus et al. (2011),OKHOTSK,Argus et al. (2011),-,-,91,293,26,82,38,91,293,26,82,0,-,-,0,6,227,91,0,94,289,29,82,6,227,91,0,7,104,146,6,84,293,25,76,7,104,146,6,6,122,164,6,85,292,27,76,6,122,164,6,25,137,178,25,69,284,35,57,25,137,178,25,PACIFIC,Gripp & Gordon (2002),NORTH_AMERICA,Gripp & Gordon (2002),-,-,82,297,21,77,38,82,297,21,77,-,-,-,0,27,288,31,-23,109,295,24,100,27,288,31,-23,10,152,12,10,74,287,25,67,10,152,12,10,5,152,10,5,78,287,23,72,5,152,10,5,7,226,87,0,85,293,26,76,7,226,87,0,20,152,14,20,67,287,31,57,20,152,14,20,78,57,17,10,154,210,47,60,82,161,22,18,36,215,600,671,32.0,746.56,9.1,9.1,8.3,9.1,0.93,46,37
NPA6,NPA5,NPA7,NPA,6,Kurils,147.0,42.2,149.1,40.0,139.8,48.5,324.0,6.8,245,-,100,5,-,-,0.3,-,-,-,0.4,-,0.4,-,-,-,undefined,erosional, continental,neutral,126,455,260,63,422,192,126,4914,103,47,27,33,420,670,550,PACIFIC,Argus et al. (2011),OKHOTSK,Argus et al. (2011),-,-,91,293,31,78,39,91,293,31,78,0,-,-,0,6,225,99,1,93,290,34,77,6,225,99,1,7,106,142,6,84,294,30,73,7,106,142,6,7,124,160,6,84,293,31,72,7,124,160,6,25,138,174,25,69,285,39,53,25,138,174,25,PACIFIC,Gripp & Gordon (2002),NORTH_AMERICA,Gripp & Gordon (2002),-,-,82,298,26,74,39,82,298,26,74,-,-,-,0,27,288,36,-22,108,296,28,95,27,288,36,-22,10,156,9,10,73,288,30,63,10,156,9,10,5,156,9,5,77,288,28,68,5,156,9,5,8,230,86,1,85,294,30,73,8,230,86,1,20,156,12,19,67,288,36,54,20,156,12,19,75,50,21,16,164,144,56,54,95,102,22,22,18,141,309,589,1.3,233.3,8.2,8.9,7.1,8.6,0.66,54,40
NPA7,NPA6,NPA8,NPA,7,Kurils,149.0,43.5,151.4,41.4,140.8,49.3,318.9,8.7,206,-,100,5,-,-,0.3,-,-,-,0.4,-,-,-,0.5,-,undefined,erosional,oceanic,neutral,91,252,246,49,128,154,120,5640,101,46,30,40,410,670,550,PACIFIC,Argus et al. (2011),OKHOTSK,Argus et al. (2011),-,-,90,295,24,82,47,90,295,24,82,0,-,-,0,6,221,98,1,92,291,28,81,6,221,98,1,7,108,149,6,83,295,24,76,7,108,149,6,7,126,167,7,83,294,25,75,7,126,167,7,25,139,180,25,68,286,33,57,25,139,180,25,PACIFIC,Gripp & Gordon (2002),NORTH_AMERICA,Gripp & Gordon (2002),-,-,81,300,19,76,47,81,300,19,76,-,-,-,0,26,288,31,-22,107,297,22,99,26,288,31,-22,10,155,16,10,73,289,24,67,10,155,16,10,6,155,12,6,76,289,21,71,6,155,12,6,8,220,81,1,83,294,24,76,8,220,81,1,21,155,17,20,66,289,30,57,21,155,17,20,51,50,20,16,115,144,43,54,68,102,20,22,43,141,722,589,8.0,233.3,8.7,8.9,7.6,8.6,0.66,54,33
NPA8,NPA7,NPA9,NPA,8,Kurils,151.0,44.4,152.9,42.1,144.4,51.2,329.4,9.0,184,-,78,4,0.3,-,-,-,0.4,-,-,-,-,-,-,-,undefined,erosional,oceanic,neutral,68,226,224,21,81,102,117,5265,99,45,31,44,380,670,589,PACIFIC,Argus et al. (2011),OKHOTSK,Argus et al. (2011),-,-,89,296,34,74,45,89,296,34,74,0,-,-,0,6,218,112,2,91,292,37,72,6,218,112,2,7,110,141,6,82,296,33,69,7,110,141,6,7,128,159,6,83,295,35,68,7,128,159,6,25,141,171,25,67,286,43,49,25,141,171,25,PACIFIC,Gripp & Gordon (2002),NORTH_AMERICA,Gripp & Gordon (2002),-,-,81,301,29,71,46,81,301,29,71,-,-,-,0,25,288,41,-19,105,298,31,90,25,288,41,-19,11,156,4,11,71,290,33,59,11,156,4,11,7,156,4,7,75,290,31,64,7,156,4,7,8,218,69,3,82,296,34,68,8,218,69,3,21,156,7,21,65,290,39,50,21,156,7,21,43,50,15,16,133,144,50,54,96,102,21,22,34,141,616,589,4.2,233.3,8.5,8.9,7.6,8.6,0.66,54,-
NPA9,NPA8,NPA10,NPA,9,Kurils,153.0,45.3,155.5,43.3,144.4,51.0,318.3,8.9,198,-,78,4,-,-,0.3,-,-,-,0.4,-,-,-,-,-,undefined,erosional,oceanic,neutral,79,352,231,24,172,100,116,6032,99,45,33,47,360,670,590,PACIFIC,Argus et al. (2011),OKHOTSK,Argus et al. (2011),-,-,89,297,22,82,52,89,297,22,82,0,-,-,0,6,215,103,1,90,293,25,81,6,215,103,1,8,113,154,7,81,297,21,76,8,113,154,7,7,130,172,7,82,296,23,75,7,130,172,7,25,142,176,25,67,287,31,57,25,142,176,25,PACIFIC,Gripp & Gordon (2002),NORTH_AMERICA,Gripp & Gordon (2002),-,-,80,302,16,77,53,80,302,16,77,-,-,-,0,24,288,30,-21,104,299,19,98,24,288,30,-21,12,157,17,11,71,291,21,66,12,157,17,11,8,157,13,7,74,291,19,70,8,157,13,7,8,216,77,2,81,297,22,76,8,216,77,2,21,157,19,20,64,291,27,57,21,157,19,20,59,52,4,10,145,137,59,51,102,95,33,26,26,84,444,467,3.6,60.05,8.5,8.6,7.6,8.3,0.25,54,-
NPA10,NPA9,NPA11,NPA,10,Kurils,155.1,47.0,158.1,45.3,144.8,51.5,307.6,7.7,184,-,80,7,-,-,0.3,-,-,-,0.4,-,-,-,0.5,-,undefined,accretionary,oceanic,neutral,106,448,272,36,175,124,114,6498,98,45,35,48,360,900,640,PACIFIC,Argus et al. (2011),OKHOTSK,Argus et al. (2011),-,-,87,298,9,86,57,87,298,9,86,0,-,-,0,6,211,97,1,88,294,14,85,6,211,97,1,8,115,167,8,80,298,9,79,8,115,167,8,7,131,176,7,80,297,11,79,7,131,176,7,25,144,164,24,66,289,19,62,25,144,164,24,PACIFIC,Gripp & Gordon (2002),NORTH_AMERICA,Gripp & Gordon (2002),-,-,79,304,4,79,55,79,304,4,79,-,-,-,0,23,288,20,-22,102,300,8,101,23,288,20,-22,13,160,29,11,69,292,10,68,13,160,29,11,9,160,25,8,72,292,8,71,9,160,25,8,9,213,85,1,80,297,10,79,9,213,85,1,21,160,32,18,64,292,16,61,21,160,32,18,51,52,12,10,136,137,44,51,91,95,21,26,30,84,484,467,0.25,60.05,7.7,8.6,6.4,8.3,0.25,54,33
NPA11,NPA10,NPA12,NPA,11,Kurils,157.5,49.0,160.4,47.1,147.5,54.2,313.9,7.4,201,-,80,7,-,-,0.3,-,-,-,0.5,-,0.5,-,-,-,undefined,accretionary, continental,neutral,71,224,181,30,102,94,107,5992,95,43,36,50,360,850,650,PACIFIC,Argus et al. (2011),OKHOTSK,Argus et al. (2011),-,-,86,300,14,83,56,86,300,14,83,0,-,-,0,6,206,108,2,86,295,19,81,6,206,108,2,8,117,163,8,78,300,14,76,8,117,163,8,8,133,179,8,78,298,15,76,8,133,179,8,25,146,168,25,64,290,24,59,25,146,168,25,PACIFIC,Gripp & Gordon (2002),NORTH_AMERICA,Gripp & Gordon (2002),-,-,78,305,9,77,56,78,305,9,77,-,-,-,0,21,288,26,-19,99,302,12,97,21,288,26,-19,14,160,20,13,67,294,14,65,14,160,20,13,10,160,16,9,70,294,11,69,10,160,16,9,9,203,69,3,77,299,15,75,9,203,69,3,22,160,26,20,62,294,20,58,22,160,26,20,52,60,11,11,140,158,61,61,101,110,30,27,21,102,354,348,0.32,500.3,7.8,9.1,6.5,9.0,1.14,52,38
NPA12,NPA11,NPA13,NPA,12,Kamchatka,160.2,51.0,163.6,49.4,148.5,55.0,304.1,6.8,221,-,80,7,-,-,0.3,-,-,-,0.6,-,-,-,0.5,-,undefined,accretionary, continental,neutral,88,404,234,26,119,104,105,6090,94,43,37,51,360,850,560,PACIFIC,Argus et al. (2011),OKHOTSK,Argus et al. (2011),-,-,84,302,3,84,58,84,302,3,84,0,-,-,0,7,202,102,1,83,297,7,82,7,202,102,1,8,119,175,8,76,302,2,76,8,119,175,8,8,135,169,8,76,300,4,76,8,135,169,8,25,148,156,23,63,291,13,61,25,148,156,23,PACIFIC,Gripp & Gordon (2002),NORTH_AMERICA,Gripp & Gordon (2002),-,-,77,307,3,77,57,77,307,3,77,-,-,-,0,20,288,16,-19,96,303,1,96,20,288,16,-19,14,163,33,12,65,295,3,65,14,163,33,12,10,163,30,9,68,295,1,68,10,163,30,9,9,206,82,1,76,300,4,75,9,206,82,1,22,163,39,17,61,295,10,60,22,163,39,17,74,60,8,11,166,158,51,61,102,110,25,27,28,102,451,348,1.1,500.3,8.1,9.1,7.0,9.0,1.14,50,43
NPA13,NPA12,NPA14,NPA,13,Kamchatka,162.3,53.0,166.1,51.6,149.6,56.4,300.0,7.6,240,-,92,5,0.7,-,-,-,0.6,-,-,-,-,-,-,-,undefined,accretionary, continental,neutral,87,516,632,31,123,304,102,6018,93,42,38,56,360,670,652,PACIFIC,Argus et al. (2011),OKHOTSK,Argus et al. (2011),-,-,82,303,3,82,59,82,303,3,82,0,-,-,0,7,198,102,1,81,298,2,81,7,198,102,1,8,121,179,8,74,303,3,74,8,121,179,8,8,136,164,8,74,302,2,74,8,136,164,8,25,150,150,21,61,293,7,61,25,150,150,21,PACIFIC,Gripp & Gordon (2002),NORTH_AMERICA,Gripp & Gordon (2002),-,-,76,309,9,75,58,76,309,9,75,-,-,-,0,18,289,11,-18,93,305,5,93,18,289,11,-18,15,163,36,12,63,296,3,63,15,163,36,12,11,163,32,9,66,296,5,66,11,163,32,9,9,196,76,2,73,302,2,73,9,196,76,2,22,163,43,16,59,296,4,59,22,163,43,16,69,60,15,11,162,158,62,61,104,110,27,27,28,102,442,348,0.62,500.3,7.9,9.1,6.8,9.0,1.14,50,-
NPA14,NPA13,NPA15,NPA,14,Kamchatka,163.4,54.3,167.5,53.1,150.3,57.9,300.0,5.9,220,-,92,5,2,-,-,-,2,-,-,-,-,-,-,-,undefined,accretionary, continental,neutral,110,530,802,63,257,303,99,6138,92,42,40,64,340,400,312,PACIFIC,Argus et al. (2011),OKHOTSK,Argus et al. (2011),-,-,81,304,4,81,62,81,304,4,81,0,-,-,0,7,195,105,2,79,300,0,79,7,195,105,2,9,122,178,9,72,305,5,72,9,122,178,9,8,137,163,8,73,303,3,73,8,137,163,8,24,151,149,21,60,294,6,60,24,151,149,21,PACIFIC,Gripp & Gordon (2002),NORTH_AMERICA,Gripp & Gordon (2002),-,-,75,310,10,74,59,75,310,10,74,-,-,-,0,17,289,11,-17,91,306,6,91,17,289,11,-17,15,165,37,12,62,297,4,62,15,165,37,12,12,165,31,10,64,297,6,64,12,165,31,10,9,196,76,2,72,303,3,71,9,196,76,2,22,165,45,16,58,297,3,58,22,165,45,16,51,60,6,11,135,158,46,61,92,110,25,27,17,102,269,348,5.5,500.3,8.6,9.1,7.8,9.0,1.14,33,-
NPA15,NPA14,NPA16,NPA,15,Aleutians,165.0,54.9,162.8,52.5,173.5,61.7,30.0,6.0,-,-,-,-,-,-,1,-,-,-,1,-,-,-,-,-,undefined,undefined,oceanic,compressive,110,590,923,63,247,238,99,-,92,42,-,-,-,-,-,PACIFIC,Argus et al. (2011),NORTH_AMERICA,Argus et al. (2011),KOMANDORSKY_DEF BLOCK,Cross and Freymueller (2008),28,289,101,-5,-,76,307,83,9,50,317,73,15,9,225,165,9,78,300,90,0,50,306,84,-6,5,150,120,3,72,305,85,7,45,316,74,-12,6,172,142,5,72,304,86,5,45,313,77,-10,22,162,132,15,60,295,95,-6,31,299,91,0,PACIFIC,Gripp & Gordon (2002),NORTH_AMERICA,Gripp & Gordon (2002),-,-,75,311,79,14,-,75,311,79,14,-,-,-,0,-,-,-,-,-,-,-,-,-,-,-,-,-,-,-,-,-,-,-,-,-,-,-,-,-,-,-,-,-,-,-,-,-,-,-,-,-,-,-,-,-,-,-,-,-,-,-,-,-,-,-,-,-,-,-,-,-,-,-,-,-,-,-,-,-,-,-,-,-,-,-,-,-,5,-,27,-,9.57,-,8.0,-,7.8,-,42,-
NPA16,NPA15,NPA17,NPA,16,Aleutians,167.0,53.8,164.9,51.4,175.0,60.7,29.0,6.5,-,-,-,-,-,-,0.5,-,-,-,2,-,-,-,-,-,undefined,undefined,oceanic,compressive,108,571,652,56,227,315,102,-,93,42,-,-,-,-,-,PACIFIC,Argus et al. (2011),NORTH_AMERICA,Argus et al. (2011),KOMANDORSKY_DEF BLOCK,Cross and Freymueller (2008),32,304,85,3,-,76,308,81,12,44,311,78,9,10,226,163,10,78,301,88,2,46,298,91,0,5,157,128,3,72,306,83,9,39,308,81,-6,6,177,148,5,72,304,85,7,40,305,84,-4,22,164,135,16,60,295,94,-4,28,285,104,7,PACIFIC,Gripp & Gordon (2002),NORTH_AMERICA,Gripp & Gordon (2002),-,-,75,312,77,17,-,75,312,77,17,-,-,-,0,-,-,-,-,-,-,-,-,-,-,-,-,-,-,-,-,-,-,-,-,-,-,-,-,-,-,-,-,-,-,-,-,-,-,-,-,-,-,-,-,-,-,-,-,-,-,-,-,-,-,-,-,-,-,-,-,-,-,-,-,-,-,-,-,-,-,-,-,-,-,-,-,-,5,-,27,-,9.57,-,8.0,-,7.8,-,33,-
NPA17,NPA16,NPA18,NPA,17,Aleutians,169.0,52.9,167.0,50.5,176.6,59.8,28.0,6.4,-,-,-,-,-,-,0.3,-,-,-,2,-,-,-,-,-,undefined,undefined,oceanic,compressive,183,891,778,77,505,435,99,-,92,42,-,-,-,-,-,PACIFIC,Argus et al. (2011),NORTH_AMERICA,Argus et al. (2011),KOMANDORSKY_DEF BLOCK,Cross and Freymueller (2008),38,312,76,9,-,76,309,79,14,38,306,82,5,11,227,161,10,79,301,87,4,41,291,97,5,6,163,135,4,72,306,82,10,34,300,88,-1,7,181,153,6,72,305,83,8,35,297,91,1,22,166,138,17,60,296,92,-2,26,271,117,11,PACIFIC,Gripp & Gordon (2002),NORTH_AMERICA,Gripp & Gordon (2002),-,-,75,313,75,19,-,75,313,75,19,-,-,-,0,-,-,-,-,-,-,-,-,-,-,-,-,-,-,-,-,-,-,-,-,-,-,-,-,-,-,-,-,-,-,-,-,-,-,-,-,-,-,-,-,-,-,-,-,-,-,-,-,-,-,-,-,-,-,-,-,-,-,-,-,-,-,-,-,-,-,-,-,-,-,-,-,-,5,-,27,-,9.57,-,8.0,-,7.8,-,33,-
NPA18,NPA17,NPA19,NPA,18,Aleutians,171.0,52.1,169.0,49.7,178.4,59.0,28.0,6.4,-,-,-,-,-,-,0.3,-,-,-,2,-,-,-,-,-,undefined,undefined,oceanic,neutral,205,986,778,57,485,305,102,-,93,42,-,-,-,-,-,PACIFIC,Argus et al. (2011),NORTH_AMERICA,Argus et al. (2011),KOMANDORSKY_DEF BLOCK,Cross and Freymueller (2008),45,317,71,14,-,76,310,78,16,32,300,88,1,12,228,160,11,79,301,87,5,37,283,105,10,6,169,141,5,72,307,81,11,28,291,97,3,7,185,157,7,72,305,83,9,30,287,101,5,22,168,140,17,60,296,92,-2,24,256,132,16,PACIFIC,Gripp & Gordon (2002),NORTH_AMERICA,Gripp & Gordon (2002),-,-,74,314,74,20,-,74,314,74,20,-,-,-,0,-,-,-,-,-,-,-,-,-,-,-,-,-,-,-,-,-,-,-,-,-,-,-,-,-,-,-,-,-,-,-,-,-,-,-,-,-,-,-,-,-,-,-,-,-,-,-,-,-,-,-,-,-,-,-,-,-,-,-,-,-,52,-,11,-,114,-,48,-,72,-,31,-,93,-,331,-,178.5,-,8.8,-,8.7,0.68,33,-
NPA19,NPA18,NPA20,NPA,19,Aleutians,173.0,51.6,171.1,49.2,180.3,58.6,27.9,7.0,-,-,-,-,-,-,0.3,-,-,-,2,-,-,-,-,-,undefined,undefined,oceanic,neutral,216,789,662,78,323,311,73,-,79,36,37,-,210,300,281,PACIFIC,Argus et al. (2011),NORTH_AMERICA,Argus et al. (2011),KOMANDORSKY_DEF BLOCK,Cross and Freymueller (2008),49,321,67,19,-,76,311,77,17,29,293,95,-3,12,228,160,11,78,302,86,5,36,275,113,14,6,172,144,5,71,308,80,12,26,281,107,8,8,188,160,7,72,306,82,10,28,278,110,10,23,170,142,18,60,297,91,-1,25,244,143,20,PACIFIC,Gripp & Gordon (2002),NORTH_AMERICA,Gripp & Gordon (2002),-,-,74,315,73,21,15,74,315,73,21,-,-,-,0,18,283,75,5,90,309,79,17,18,283,75,5,16,173,40,13,61,301,81,9,16,173,40,13,13,173,40,10,64,301,79,12,13,173,40,10,12,203,4,12,71,306,82,10,12,203,4,12,23,173,35,19,58,301,87,3,23,173,35,19,-,52,-,11,-,114,-,48,-,72,-,31,7,93,141,331,0,178.5,0,8.8,0,8.7,0.68,33,-
NPA20,NPA19,NPA21,NPA,20,Aleutians,175.0,51.1,173.9,48.5,179.3,58.8,16.2,7.3,152,-,-,-,-,-,0.3,-,-,-,2,-,-,-,-,-,undefined,undefined,oceanic,neutral,209,858,536,69,593,389,49,-,64,29,40,-,220,300,281,PACIFIC,Argus et al. (2011),NORTH_AMERICA,Argus et al. (2011),KOMANDORSKY_DEF BLOCK,Cross and Freymueller (2008),53,324,52,33,-,76,312,64,33,26,286,90,0,13,228,148,11,78,302,74,22,35,268,109,11,7,176,160,6,71,308,68,26,25,271,105,6,8,190,174,8,72,306,70,25,26,269,108,8,23,172,156,21,60,298,78,12,27,235,141,21,PACIFIC,Gripp & Gordon (2002),NORTH_AMERICA,Gripp & Gordon (2002),-,-,73,316,61,36,24,73,316,61,36,-,-,-,0,18,281,85,2,89,309,67,35,18,281,85,2,16,175,25,15,61,301,69,21,16,175,25,15,13,175,27,12,63,301,67,24,13,175,27,12,12,206,10,12,70,306,70,24,12,206,10,12,23,175,22,21,58,301,75,15,23,175,22,21,-,52,-,11,-,114,-,48,-,72,-,31,9,93,196,331,0,178.5,0,8.8,0,8.7,0.68,33,-
NPA21,NPA20,NPA22,NPA,21,Aleutians,177.0,50.8,175.5,48.3,182.5,58.2,20.9,7.3,158,-,100,8,-,-,0.3,-,-,-,1.5,-,-,-,-,-,undefined,undefined,oceanic,neutral,223,836,429,55,624,356,51,1224,65,30,40,56,240,350,187,PACIFIC,Argus et al. (2011),NORTH_AMERICA,Argus et al. (2011),KOMANDORSKY_DEF BLOCK,Cross and Freymueller (2008),58,326,55,33,24,75,313,68,28,23,279,102,-5,13,228,153,12,78,303,78,16,33,261,120,17,7,178,157,6,70,309,72,22,23,261,119,11,8,192,171,8,71,307,74,20,25,259,122,13,23,173,153,20,60,298,82,8,28,227,154,25,PACIFIC,Gripp & Gordon (2002),NORTH_AMERICA,Gripp & Gordon (2002),-,-,73,317,64,32,24,73,317,64,32,-,-,-,0,18,280,79,-3,88,310,71,29,18,280,79,-3,17,175,28,15,60,302,73,17,17,175,28,15,14,175,30,12,62,302,71,20,14,175,30,12,13,204,3,13,69,307,74,20,13,204,3,13,23,175,26,21,56,302,78,11,23,175,26,21,50,52,12,11,85,114,37,48,43,72,35,31,15,93,315,331,1.2,178.5,8.2,8.8,7,8.7,0.68,37,-
NPA22,NPA21,NPA23,NPA,22,Aleutians,179.0,50.4,178.2,47.8,182.2,58.3,11.6,7.3,177,-,100,8,-,-,0.3,-,-,-,1.5,-,-,-,-,-,erosional,undefined,oceanic,neutral,203,561,260,42,341,166,53,1696,67,31,40,57,270,400,279,PACIFIC,Argus et al. (2011),NORTH_AMERICA,Argus et al. (2011),KOMANDORSKY_DEF BLOCK,Cross and Freymueller (2008),61,326,45,43,32,75,314,58,40,20,272,100,-3,14,228,144,11,77,303,68,29,32,254,117,15,7,181,169,7,70,309,62,33,21,252,120,11,9,193,178,9,71,308,64,31,23,250,121,12,23,175,163,22,60,299,72,18,29,219,152,25,PACIFIC,Gripp & Gordon (2002),NORTH_AMERICA,Gripp & Gordon (2002),-,-,72,317,54,42,32,72,317,54,42,-,-,-,0,18,279,87,-1,88,310,62,42,18,279,87,-1,17,177,17,17,60,302,64,26,17,177,17,17,14,177,19,14,62,302,62,29,14,177,19,14,13,208,16,13,70,307,65,30,13,208,16,13,23,177,14,22,57,302,69,20,23,177,14,22,66,52,11,11,114,114,48,48,60,72,37,31,41,93,904,331,6.8,178.5,8.7,8.8,7.8,8.7,0.68,37,-
NPA23,NPA22,NPA24,NPA,23,Aleutians,181.0,50.3,181.6,47.6,178.6,58.3,350.9,7.2,174,-,-,-,-,-,0.3,-,-,-,2,-,-,-,-,-,erosional,undefined,oceanic,neutral,176,344,186,38,92,100,53,2332,67,31,39,58,270,475,279,PACIFIC,Argus et al. (2011),NORTH_AMERICA,Argus et al. (2011),KOMANDORSKY_DEF BLOCK,Cross and Freymueller (2008),65,326,24,59,44,74,315,36,60,17,265,74,5,14,228,123,8,76,304,47,52,30,248,103,7,8,183,168,8,69,310,41,52,20,242,109,6,9,194,156,8,70,308,43,52,22,242,109,7,23,177,174,23,59,300,51,37,29,213,138,22,PACIFIC,Gripp & Gordon (2002),NORTH_AMERICA,Gripp & Gordon (2002),-,-,72,319,45,51,40,72,319,45,51,-,-,-,0,18,278,85,-2,87,311,52,54,18,278,85,-2,17,179,6,17,60,304,42,45,17,179,6,17,15,179,2,15,61,304,40,47,15,179,2,15,13,210,39,10,69,308,42,51,13,210,39,10,23,179,8,22,57,304,47,39,23,179,8,22,88,82,10,14,129,143,49,56,56,75,44,35,42,125,932,698,1.3,129.8,8.2,8.8,6.9,8.6,0.77,33,-
NPA24,NPA23,NPA25,NPA,24,Aleutians,183.0,50.4,183.7,47.7,180.3,58.3,350.2,7.4,166,-,80,8,-,-,0.3,-,-,-,2,-,-,-,1.2,-,erosional,undefined,oceanic,neutral,178,381,214,48,164,112,55,2640,68,31,38,58,270,550,261,PACIFIC,Argus et al. (2011),NORTH_AMERICA,Argus et al. (2011),PENINSULA,Elliot and Freymueller (2020),76,321,30,66,48,74,316,34,61,7,206,144,-5,15,227,123,8,76,305,46,53,21,221,129,13,8,184,166,8,68,311,39,53,14,194,156,13,10,195,155,9,69,309,41,52,16,200,150,14,23,178,172,23,59,301,50,38,29,184,166,28,PACIFIC,Gripp & Gordon (2002),NORTH_AMERICA,Gripp & Gordon (2002),-,-,71,320,31,61,47,71,320,31,61,-,-,-,0,18,277,74,-5,85,311,40,65,18,277,74,-5,18,180,8,17,58,303,42,43,18,180,8,17,15,180,7,14,60,303,40,46,15,180,7,14,14,208,38,11,67,308,42,50,14,208,38,11,23,180,10,23,55,303,47,38,23,180,10,23,88,82,15,14,145,143,60,56,72,75,38,35,32,125,709,698,9.6,129.8,8.8,8.8,7.9,8.6,0.77,33,22
NPA25,NPA24,NPA26,NPA,25,Aleutians,185.0,50.5,185.6,47.8,182.9,58.5,352.0,7.2,179,-,80,8,0.3,-,-,-,1.2,-,-,-,1.1,-,-,-,undefined,erosional,oceanic,neutral,176,416,205,49,248,142,56,2632,69,31,36,59,280,550,237,PACIFIC,Argus et al. (2011),NORTH_AMERICA,Argus et al. (2011),PENINSULA,Elliot and Freymueller (2020),75,322,30,65,47,73,317,35,60,6,210,142,-5,15,227,125,9,75,305,47,51,21,222,130,14,9,185,167,8,67,312,40,51,14,195,157,13,10,196,156,9,68,310,42,51,16,201,151,14,23,180,172,23,58,301,51,37,29,186,166,28,PACIFIC,Gripp & Gordon (2002),NORTH_AMERICA,Gripp & Gordon (2002),-,-,70,321,30,61,47,70,321,30,61,-,-,-,0,18,275,75,-5,84,312,38,66,18,275,75,-5,18,183,10,18,58,304,43,43,18,183,10,18,15,183,7,15,59,304,40,45,15,183,7,15,15,210,38,11,67,309,43,49,15,210,38,11,23,183,11,23,55,304,48,37,23,183,11,23,94,82,14,14,157,143,56,56,76,75,34,35,37,125,824,698,11,129.8,8.9,8.8,7.9,8.6,0.77,40,33
NPA26,NPA25,NPA27,NPA,26,Aleutians,187.0,50.8,187.5,48.2,185.1,58.9,353.0,7.3,168,-,72,9,-,-,0.3,-,3,-,-,-,-,-,1.5,-,undefined,erosional,oceanic,neutral,172,468,247,50,275,178,54,2538,67,31,36,62,280,500,350,PACIFIC,Argus et al. (2011),NORTH_AMERICA,Argus et al. (2011),PENINSULA,Elliot and Freymueller (2020),74,323,30,64,47,72,318,35,59,6,216,137,-4,16,226,127,9,73,306,47,50,21,224,129,14,9,185,168,9,66,313,40,50,14,197,156,13,10,196,157,9,67,311,42,50,16,203,150,14,23,181,172,23,57,302,51,36,28,188,165,27,PACIFIC,Gripp & Gordon (2002),NORTH_AMERICA,Gripp & Gordon (2002),-,-,69,322,31,59,46,69,322,31,59,-,-,-,0,17,274,79,-3,82,313,40,63,17,274,79,-3,18,183,7,18,56,306,43,41,18,183,7,18,15,183,6,15,58,306,40,44,15,183,6,15,14,209,36,12,65,310,43,48,14,209,36,12,23,183,10,23,54,306,47,37,23,183,10,23,72,82,14,14,88,143,42,56,32,75,61,35,14,125,316,698,0.14,129.8,7.6,8.8,6.1,8.6,0.77,29,18
NPA27,NPA26,NPA28,NPA,27,Aleutians,189.0,51.1,190.3,48.5,184.2,58.7,342.3,7.3,161,-,72,9,-,-,0.4,-,-,-,2,-,-,-,1.9,-,undefined,undefined,oceanic,neutral,117,272,132,34,110,44,61,3050,72,33,35,61,290,500,270,PACIFIC,Argus et al. (2011),NORTH_AMERICA,Argus et al. (2011),PENINSULA,Elliot and Freymueller (2020),72,324,19,69,50,71,319,23,66,5,221,121,-3,16,226,116,7,72,307,36,59,21,225,117,10,9,186,156,9,65,313,29,57,14,199,143,11,11,197,145,9,66,312,31,57,16,205,137,12,23,183,160,22,57,303,39,44,28,190,153,25,PACIFIC,Gripp & Gordon (2002),NORTH_AMERICA,Gripp & Gordon (2002),-,-,68,323,19,64,50,68,323,19,64,-,-,-,0,17,273,69,-6,81,314,28,71,17,273,69,-6,18,185,21,17,56,307,31,48,18,185,21,17,16,185,18,15,57,307,29,50,16,185,18,15,15,211,49,10,65,311,31,56,15,211,49,10,23,185,23,21,54,307,35,44,23,185,23,21,61,61,16,10,125,122,57,50,76,72,33,33,11,73,235,289,0.08,25.61,7.4,8.2,6,8.0,0.12,33,28
NPA28,NPA27,NPA29,NPA,28,Aleutians,191.0,51.5,192.7,49.0,184.7,58.7,336.2,7.2,170,-,72,9,-,-,0.4,-,-,-,2,-,-,-,-,-,undefined,undefined,oceanic,neutral,124,304,110,41,129,43,59,2891,71,32,34,60,310,450,270,PACIFIC,Argus et al. (2011),NORTH_AMERICA,Argus et al. (2011),PENINSULA,Elliot and Freymueller (2020),71,325,11,69,49,70,321,16,68,5,228,109,-2,16,226,111,6,71,308,29,62,21,226,110,7,10,187,149,8,64,314,22,59,14,201,135,10,11,197,139,8,65,313,24,59,16,207,129,10,23,184,152,20,56,304,32,47,27,192,144,22,PACIFIC,Gripp & Gordon (2002),NORTH_AMERICA,Gripp & Gordon (2002),-,-,67,324,12,65,49,67,324,12,65,-,-,-,0,17,272,65,-7,79,314,23,73,17,272,65,-7,19,188,28,17,54,306,25,49,19,188,28,17,17,188,25,15,55,306,23,51,17,188,25,15,15,213,56,8,64,311,25,57,15,213,56,8,23,188,32,19,53,306,30,46,23,188,32,19,64,61,9,10,114,122,45,50,62,72,35,33,27,73,554,289,0.41,25.61,7.9,8.2,6.7,8.0,0.12,33,-
NPA29,NPA28,NPA30,NPA,29,Aleutians,193.0,52.0,194.6,49.5,187.1,59.4,337.9,7.2,268,-,95,5,-,-,0.4,-,-,-,2,-,-,-,-,-,undefined,undefined, continental,neutral,120,271,88,46,134,37,57,2736,69,32,33,59,310,450,350,PACIFIC,Argus et al. (2011),NORTH_AMERICA,Argus et al. (2011),PENINSULA,Elliot and Freymueller (2020),69,326,12,68,48,69,322,16,67,5,235,103,-1,16,225,113,6,69,308,29,60,21,227,111,8,10,187,151,9,63,315,22,58,14,203,135,10,11,197,140,9,64,314,24,58,16,209,129,10,23,186,152,21,55,305,33,46,27,194,144,22,PACIFIC,Gripp & Gordon (2002),NORTH_AMERICA,Gripp & Gordon (2002),-,-,66,326,12,65,48,66,326,12,65,-,-,-,0,16,270,68,-6,77,315,23,71,16,270,68,-6,19,188,26,17,53,308,26,48,19,188,26,17,17,188,23,15,54,308,24,49,17,188,23,15,15,210,53,9,62,312,26,56,15,210,53,9,23,188,30,20,52,308,30,45,23,188,30,20,60,61,8,10,122,122,53,50,76,72,36,33,18,73,379,289,0.5,25.61,8,8.2,6.9,8.0,0.12,33,-
NPA30,NPA29,NPA31,NPA,30,Aleutians,195.0,52.5,196.6,50.0,189.0,59.9,338.0,6.9,188,-,95,5,-,-,0.4,-,-,-,1,-,-,-,-,-,undefined,undefined, continental,neutral,94,214,78,43,103,36,55,-,68,31,32,-,260,400,140,PACIFIC,Argus et al. (2011),NORTH_AMERICA,Argus et al. (2011),PENINSULA,Elliot and Freymueller (2020),68,328,11,67,-,68,323,15,66,5,243,96,0,17,225,113,7,68,309,29,59,21,229,109,7,10,188,150,9,61,317,21,57,14,205,133,10,12,198,140,9,62,315,23,57,16,211,127,9,23,187,151,20,54,306,32,46,26,196,142,21,PACIFIC,Gripp & Gordon (2002),NORTH_AMERICA,Gripp & Gordon (2002),-,-,65,327,11,64,43,65,327,11,64,-,-,-,0,16,269,69,-6,75,317,21,70,16,269,69,-6,20,188,27,17,51,310,24,47,20,188,27,17,17,188,24,16,52,310,21,48,17,188,24,16,16,209,51,10,59,314,24,54,16,209,51,10,23,188,30,20,50,310,28,44,23,188,30,20,-,61,-,10,-,122,-,50,-,72,-,33,3,73,64,289,0,25.61,0,8.2,0,8.0,0.12,42,-
NPA31,NPA30,NPA32,NPA,31,Alaska,197.0,53.1,198.5,50.6,191.4,60.6,339.5,6.5,193,-,95,5,0.4,-,-,-,0.9,-,-,-,-,-,-,-,undefined,undefined, continental,neutral,92,348,145,39,376,159,57,2451,69,32,31,53,300,400,173,PACIFIC,Argus et al. (2011),NORTH_AMERICA,Argus et al. (2011),PENINSULA,Elliot and Freymueller (2020),66,329,5,66,43,67,325,15,65,5,250,89,0,17,224,115,7,66,310,29,58,22,230,110,7,11,188,151,9,60,318,22,56,14,207,133,9,12,198,141,9,61,316,24,56,16,213,127,9,23,189,150,20,53,307,33,45,26,199,141,20,PACIFIC,Gripp & Gordon (2002),NORTH_AMERICA,Gripp & Gordon (2002),-,-,64,328,11,62,41,64,328,11,62,-,-,-,0,16,267,73,-5,73,318,22,68,16,267,73,-5,20,191,28,17,50,310,24,46,20,191,28,17,18,191,26,16,51,310,22,47,18,191,26,16,16,210,51,10,58,315,25,53,16,210,51,10,24,191,32,20,49,310,29,43,24,191,32,20,-,61,-,10,-,122,-,50,-,72,-,33,9,73,194,289,0,25.61,0,8.2,0,8.0,0.12,42,-
NPA32,NPA31,NPA33,NPA,32,Alaska,199.0,53.5,200.2,50.9,194.4,61.2,343.5,6.9,303,-,95,5,-,-,0.4,-,-,-,1.2,-,-,-,1,-,undefined,accretionary, continental,neutral,95,387,164,42,389,164,55,-,68,31,29,-,400,400,180,PACIFIC,Argus et al. (2011),NORTH_AMERICA,Argus et al. (2011),PENINSULA,Elliot and Freymueller (2020),64,330,13,63,-,66,326,17,63,5,258,86,0,17,224,120,8,65,311,32,55,22,213,112,8,11,189,155,10,58,319,25,53,14,209,135,10,12,199,145,10,59,317,27,53,15,215,129,10,23,191,153,21,52,308,36,42,26,201,143,20,PACIFIC,Gripp & Gordon (2002),NORTH_AMERICA,Gripp & Gordon (2002),-,-,63,330,13,62,33,63,330,13,62,-,-,-,0,16,266,77,-4,71,319,24,65,16,266,77,-4,19,193,26,17,49,312,27,44,19,193,26,17,18,193,22,17,49,312,25,44,18,193,22,17,17,212,48,11,57,316,28,50,17,212,48,11,23,193,30,20,48,312,32,41,23,193,30,20,38,70,18,18,139,153,53,55,107,91,19,24,12,31,271,137,0.5,22.13,8,8.2,6.9,8.0,0.1,40,31
NPA33,NPA32,NPA34,NPA,33,Alaska,201.0,53.8,202.3,51.2,195.8,61.4,341.6,6.4,247,-,95,5,-,-,0.4,-,-,-,1.5,-,-,-,0.9,-,undefined,accretionary, continental,neutral,51,96,48,33,73,32,55,2090,68,31,28,48,400,400,208,PACIFIC,Argus et al. (2011),NORTH_AMERICA,Argus et al. (2011),PENINSULA,Elliot and Freymueller (2020),63,332,10,62,38,65,327,14,63,5,265,77,1,17,224,118,8,63,312,30,55,22,233,109,7,11,190,152,10,57,320,22,53,14,211,131,9,12,199,142,10,58,318,24,53,15,217,125,9,23,192,149,20,51,309,33,43,25,203,138,19,PACIFIC,Gripp & Gordon (2002),NORTH_AMERICA,Gripp & Gordon (2002),-,-,61,331,11,60,38,61,331,11,60,-,-,-,0,15,264,78,-3,69,319,23,64,15,264,78,-3,20,193,26,18,47,311,26,43,20,193,26,18,18,193,24,16,48,311,23,44,18,193,24,16,16,210,48,11,55,316,26,50,16,210,48,11,23,193,31,20,47,311,30,41,23,193,31,20,-,70,-,18,-,153,-,55,-,91,-,24,9,31,202,137,0,22.13,0,8.2,0,8.0,0.1,37,25
NPA34,NPA33,NPA35,NPA,34,Alaska,203.0,54.2,204.4,51.6,197.4,61.7,341.3,5.8,281,-,-,-,0.4,-,-,-,1,-,-,-,0.8,-,-,-,undefined,accretionary, continental,neutral,63,133,67,36,82,36,54,-,68,31,26,-,520,300,94,PACIFIC,Argus et al. (2011),NORTH_AMERICA,Argus et al. (2011),PENINSULA,Elliot and Freymueller (2020),61,333,8,61,-,64,329,12,62,5,272,70,2,18,224,117,8,62,313,29,54,22,234,107,6,12,191,151,10,56,321,21,52,14,213,128,8,13,200,141,10,57,319,23,52,15,219,122,8,23,194,147,20,50,310,32,43,25,206,136,18,PACIFIC,Gripp & Gordon (2002),NORTH_AMERICA,Gripp & Gordon (2002),-,-,60,333,9,59,27,60,333,9,59,-,-,-,0,15,263,78,-3,67,320,21,62,15,263,78,-3,20,196,29,17,46,312,24,42,20,196,29,17,18,196,25,17,46,312,22,43,18,196,25,17,17,212,51,11,54,316,25,49,17,212,51,11,23,196,35,19,46,312,29,40,23,196,35,19,-,70,-,18,-,153,-,55,-,91,-,24,3,31,67,137,0,22.13,0,8.2,0,8.0,0.1,42,33
NPA35,NPA34,NPA36,NPA,35,Alaska,205.0,54.8,207.7,52.6,195.0,60.9,323.1,5.6,296,-,87,5,-,-,-,-,-,-,1.7,-,-,-,1,-,undefined,accretionary, continental,compressive,116,208,98,68,84,31,51,-,65,30,24,-,550,300,142,PACIFIC,Argus et al. (2011),NORTH_AMERICA,Argus et al. (2011),PENINSULA,Elliot and Freymueller (2020),60,335,12,58,-,63,330,7,62,6,278,45,4,18,224,100,3,60,314,9,59,22,236,88,-1,12,191,132,8,54,322,1,54,14,215,108,4,13,200,123,7,55,320,3,55,15,221,102,3,23,196,127,14,49,311,12,48,25,208,115,10,PACIFIC,Gripp & Gordon (2002),NORTH_AMERICA,Gripp & Gordon (2002),-,-,59,334,11,58,26,59,334,11,58,-,-,-,0,15,261,62,-7,65,322,1,65,15,261,62,-7,20,198,50,13,45,314,4,45,20,198,50,13,19,198,46,13,45,314,2,45,19,198,46,13,17,213,70,6,52,318,5,52,17,213,70,6,23,198,55,13,45,314,9,45,23,198,55,13,-,70,-,18,-,153,-,55,-,91,-,24,4,31,76,137,0,22.13,0,8.2,0,8.0,0.1,35,23
NPA36,NPA35,NPA37,NPA,36,Alaska,207.0,55.6,209.3,53.2,198.3,62.3,330.1,5.4,307,-,87,5,-,-,-,-,-,-,2,-,-,-,1.7,-,undefined,accretionary, continental,compressive,200,471,256,87,457,337,47,1363,63,29,23,45,600,300,218,PACIFIC,Argus et al. (2011),NORTH_AMERICA,Argus et al. (2011),KODIAK SLIVER,Elliot and Freymueller (2020),53,343,13,52,29,61,332,2,61,14,284,46,10,18,223,107,5,58,315,15,56,28,249,81,-4,12,192,139,9,52,324,6,52,18,241,89,0,13,201,129,8,54,321,9,53,20,243,87,-1,23,197,133,16,48,312,18,46,27,227,103,6,PACIFIC,Gripp & Gordon (2002),NORTH_AMERICA,Gripp & Gordon (2002),-,-,58,336,6,58,31,58,336,6,58,-,-,-,0,14,259,71,-5,63,323,7,63,14,259,71,-5,20,199,43,14,44,315,11,44,20,199,43,14,18,199,39,14,44,315,8,44,18,199,39,14,17,212,62,8,51,319,11,50,17,212,62,8,23,199,48,15,44,315,15,43,23,199,48,15,69,69,7,7,145,243,25,54,78,180,13,15,12,15,247,58,0.52,796.7,8,9.2,6.9,9.2,1.77,33,26
NPA37,NPA36,NPA38,NPA,37,Alaska,209.0,56.2,211.2,53.8,200.3,63.0,331.0,5.4,323,-,-,-,-,-,-,-,-,-,2.7,-,-,-,1.7,-,undefined,accretionary, continental,compressive,185,546,301,113,515,345,44,1188,61,28,21,43,660,300,201,PACIFIC,Argus et al. (2011),NORTH_AMERICA,Argus et al. (2011),KODIAK SLIVER,Elliot and Freymueller (2020),53,345,14,52,27,60,334,3,60,13,282,49,8,18,223,108,6,56,316,15,54,27,247,84,-3,13,192,139,9,51,325,6,51,18,238,93,1,13,201,130,9,52,323,8,51,20,241,90,0,23,199,132,15,47,313,18,45,28,227,104,7,PACIFIC,Gripp & Gordon (2002),NORTH_AMERICA,Gripp & Gordon (2002),-,-,56,338,7,56,28,56,338,7,56,-,-,-,0,14,258,73,-4,61,325,6,61,14,258,73,-4,20,201,43,15,42,317,9,42,20,201,43,15,19,201,39,15,42,317,7,42,19,201,39,15,17,213,62,8,49,322,9,49,17,213,62,8,23,201,50,14,43,317,14,42,23,201,50,14,-,69,-,7,-,243,-,54,-,180,-,15,3,15,62,58,0,796.7,0,9.2,0,9.2,1.77,30,20
NPA38,NPA37,NPA39,NPA,38,Alaska,211.0,57.1,214.0,55.0,199.6,62.9,319.6,5.1,333,-,-,-,-,-,1,-,-,-,2.6,-,-,-,1.5,-,undefined,accretionary, continental,compressive,113,444,223,100,560,256,43,989,60,27,19,40,880,300,201,PACIFIC,Argus et al. (2011),NORTH_AMERICA,Argus et al. (2011),KODIAK SLIVER,Elliot and Freymueller (2020),53,347,27,47,23,59,336,16,56,12,279,40,9,18,223,97,2,54,318,2,54,27,245,75,-7,13,192,127,8,49,327,7,49,18,234,86,-1,14,201,118,6,50,325,5,50,20,237,82,-3,23,201,119,11,45,315,5,45,28,226,94,2,PACIFIC,Gripp & Gordon (2002),NORTH_AMERICA,Gripp & Gordon (2002),-,-,55,340,20,52,24,55,340,20,52,-,-,-,0,14,256,64,-6,58,326,6,58,14,256,64,-6,21,204,57,11,40,317,2,40,21,204,57,11,19,204,53,12,40,317,5,40,19,204,53,12,18,214,75,5,47,322,3,47,18,214,75,5,23,204,64,10,42,317,2,42,23,204,64,10,-,69,-,7,-,243,-,54,-,180,-,15,0,15,0,58,0,796.7,0,9.2,0,9.2,1.77,30,19
NPA39,NPA38,NPA40,NPA,39,Alaska,213.0,58.0,216.4,56.0,200.3,63.2,314.5,4.9,402,-,-,-,-,-,1,-,-,-,2.5,-,-,-,1.6,-,undefined,accretionary, continental,compressive,142,573,318,106,615,330,40,840,58,26,18,38,930,300,201,PACIFIC,Argus et al. (2011),NORTH_AMERICA,Argus et al. (2011),PRINCE WILLIAM SOUND,Elliot and Freymueller (2020),51,341,27,46,21,57,338,23,53,7,313,1,7,18,222,92,1,52,319,5,52,20,242,72,-6,13,193,122,7,47,329,14,46,11,224,91,0,14,202,113,5,48,327,12,47,13,230,84,-1,23,203,112,9,44,316,2,44,22,219,95,2,PACIFIC,Gripp & Gordon (2002),NORTH_AMERICA,Gripp & Gordon (2002),-,-,53,342,28,47,20,53,342,28,47,-,-,-,0,13,254,61,-6,56,328,14,54,13,254,61,-6,20,205,62,9,39,319,10,39,20,205,62,9,19,205,58,10,39,319,12,38,19,205,58,10,17,214,80,3,46,324,9,45,17,214,80,3,22,205,71,7,41,319,5,41,22,205,71,7,-,69,-,7,-,243,-,54,-,180,-,15,0,15,0,58,0,796.7,0,9.2,0,9.2,1.77,31,20
NPA40,NPA39,NPA41,NPA,40,Alaska,214.5,59.1,218.3,57.3,200.6,63.8,310.6,4.5,445,-,-,-,-,-,1,-,-,-,2,-,-,-,2,-,undefined,accretionary, continental,compressive,87,183,123,45,139,105,37,-,56,26,16,-,1120,200,159,PACIFIC,Argus et al. (2011),NORTH_AMERICA,Argus et al. (2011),PRINCE WILLIAM SOUND,Elliot and Freymueller (2020),49,345,34,41,-,56,340,29,49,8,313,2,8,18,222,89,0,50,321,11,49,20,246,64,-9,13,193,118,6,46,331,21,43,12,231,79,-2,14,202,109,5,47,329,18,44,13,237,74,-4,23,204,106,6,43,318,7,42,22,225,85,-2,PACIFIC,Gripp & Gordon (2002),NORTH_AMERICA,Gripp & Gordon (2002),-,-,52,345,34,43,11,52,345,34,43,-,-,-,0,13,252,59,-7,53,331,20,50,13,252,59,-7,21,208,68,8,36,322,16,35,21,208,68,8,20,208,63,9,36,322,19,34,20,208,63,9,18,216,85,1,43,327,16,41,18,216,85,1,23,208,78,5,39,322,11,38,23,208,78,5,-,69,-,7,-,243,-,54,-,180,-,15,0,15,0,58,0,796.7,0,9.2,0,9.2,1.77,33,27
NPA41,NPA40,NPA42,NPA,41,Alaska,215.0,59.1,217.7,56.8,204.3,65.5,327.2,4.2,-,-,-,-,-,-,-,-,-,-,2,-,-,-,-,-,undefined,accretionary, continental,compressive,88,197,126,45,150,108,37,-,56,26,15,-,1160,200,140,PACIFIC,Argus et al. (2011),NORTH_AMERICA,Argus et al. (2011),ICY BAY,Elliot and Freymueller (2020),21,13,46,14,-,56,340,13,54,40,324,3,40,18,222,105,5,50,321,6,49,40,297,30,-35,13,193,134,9,45,331,4,45,33,306,21,-31,14,202,125,8,46,329,2,46,35,304,23,-32,23,205,122,12,43,318,9,42,35,289,38,-28,PACIFIC,Gripp & Gordon (2002),NORTH_AMERICA,Gripp & Gordon (2002),-,-,52,345,17,48,-,52,345,17,48,-,-,-,0,0,252,71,-3,53,331,17,50,0,252,71,-3,21,208,51,12,36,321,17,35,21,208,51,12,20,208,47,13,36,321,17,34,20,208,47,13,18,216,68,6,43,327,17,41,18,216,68,6,23,208,60,11,38,321,17,36,23,208,60,11,-,69,-,7,-,243,-,54,-,180,-,15,-,15,-,58,-,796.7,-,9.2,-,9.2,1.77,33,-
NPA42,NPA41,NPA43,NPA,42,Alaska,215.5,59.2,216.8,56.6,210.2,66.9,345.0,3.8,-,-,-,-,-,-,-,-,2.7,-,-,-,0,-,-,-,undefined,accretionary, continental,compressive,90,212,129,48,193,116,37,-,56,25,14,-,1200,200,121,PACIFIC,Argus et al. (2011),NORTH_AMERICA,Argus et al. (2011),ICY BAY,Elliot and Freymueller (2020),21,13,28,19,-,56,341,4,55,39,324,21,37,18,222,123,10,49,322,23,45,40,297,48,-27,13,193,152,12,45,332,13,44,32,306,39,-25,14,202,143,11,46,329,16,44,34,304,41,-25,23,205,140,18,42,318,27,38,34,289,56,-19,PACIFIC,Gripp & Gordon (2002),NORTH_AMERICA,Gripp & Gordon (2002),-,-,52,345,0,52,13,52,345,0,52,-,-,-,0,13,251,84,2,52,331,14,51,13,251,84,2,21,208,35,17,36,321,18,34,21,208,35,17,19,208,31,17,36,321,15,35,19,208,31,17,18,215,50,11,42,326,19,40,18,215,50,11,23,208,43,17,38,321,24,35,23,208,43,17,-,69,-,7,-,243,-,54,-,180,-,15,0,15,0,58,0,796.7,0,9.2,0,9.2,1.77,30,-
NPA43,NPA42,NPA44,NPA,43,Cascadia,231.7,50.0,227.8,49.0,244.1,52.1,70.0,2.1,-,-,-,-,-,-,-,-,-,-,2.8,-,-,-,-,-,undefined,accretionary, continental,neutral,175,546,251,65,328,189,3,-,16,7,20,-,500,400,40,JUAN_DE_FUCA,Argus et al. (2011),NORTH_AMERICA,Argus et al. (2011),DEF_VANCOUVER_ISLAND,Mazzotti et al. (2003),43,52,18,41,-,45,49,21,42,3,0,70,1,24,234,164,23,21,44,26,19,22,241,171,22,16,211,141,12,30,59,11,29,14,218,148,11,17,218,148,14,28,56,14,27,15,225,155,13,22,218,148,18,24,60,10,24,19,223,153,17,JUAN_DE_FUCA,Gripp & Gordon (2002),NORTH_AMERICA,Gripp & Gordon (2002),OREGON,Mazzotti et al. (2002),44,65,5,44,-,47,57,13,46,-,-,-,2,21,250,0,21,27,48,22,25,20,270,20,19,22,220,38,17,29,71,7,29,17,220,24,15,22,220,41,17,30,71,8,29,16,237,28,14,21,228,22,19,27,65,5,27,17,246,4,17,21,220,30,18,28,71,1,28,16,237,13,16,-,5,-,5,-,130,-,30,-,127,-,11,0,0,0,0,0,397.02,0,8.6,0,9.0,0.54,30,-
NPA44,NPA43,NPA45,NPA,44,Cascadia,233.4,48.0,229.7,47.0,245.3,50.2,70.0,2.7,374,-,-,-,-,-,2,-,-,-,3,-,-,-,0.5,-,undefined,accretionary, continental,neutral,86,175,105,87,154,62,5,90,21,10,17,45,840,300,58,JUAN_DE_FUCA,Argus et al. (2011),NORTH_AMERICA,Argus et al. (2011),DEF_VANCOUVER_ISLAND,Mazzotti et al. (2003),39,53,17,37,18,40,49,21,38,3,0,70,1,25,236,166,24,16,40,30,14,23,242,172,23,16,213,143,13,25,60,10,25,14,220,150,12,17,220,150,15,23,56,14,23,15,227,157,14,21,219,149,18,20,61,9,20,19,224,154,17,JUAN_DE_FUCA,Gripp & Gordon (2002),NORTH_AMERICA,Gripp & Gordon (2002),OREGON,Mazzotti et al. (2002),37,62,8,37,16,41,57,13,39,-,-,-,3,22,251,1,22,21,32,38,17,21,270,20,20,21,221,37,17,21,62,1,21,16,221,22,15,22,221,39,17,22,62,3,22,16,239,25,15,21,230,20,20,20,54,16,19,17,249,1,17,20,221,29,18,21,62,8,21,16,239,11,15,-,5,-,5,-,130,-,30,-,127,-,11,0,0,0,0,0,397.02,0,8.6,0,9.0,0.54,29,17
NPA45,NPA44,NPA46,NPA,45,Cascadia,234.4,46.0,230.3,45.5,245.8,46.8,80.0,2.5,313,-,-,-,-,-,2,-,-,-,3.5,-,0,-,-,-,undefined,accretionary, continental,neutral,39,104,76,24,68,50,7,98,24,11,13,45,-,300,31,JUAN_DE_FUCA,Argus et al. (2011),NORTH_AMERICA,Argus et al. (2011),DEF_OREGON,Mazzotti et al. (2002),33,54,26,30,14,37,47,33,31,6,0,80,1,25,237,157,23,12,27,53,7,23,249,169,22,17,215,135,12,21,57,23,19,13,229,149,11,18,221,141,14,19,52,28,17,14,237,157,13,21,219,139,16,16,58,22,15,17,231,151,15,JUAN_DE_FUCA,Gripp & Gordon (2002),NORTH_AMERICA,Gripp & Gordon (2002),OREGON,Mazzotti et al. (2002),32,66,14,31,12,35,55,25,32,-,-,-,1,24,252,8,24,16,18,62,8,23,268,8,23,22,222,43,16,15,62,9,15,17,222,29,15,22,222,46,16,16,62,6,16,17,239,33,15,22,232,28,19,14,49,31,12,19,248,12,18,20,222,38,16,16,62,18,15,16,239,21,15,-,5,-,5,-,130,-,30,-,127,-,11,0,0,0,0,0,397.02,0,8.6,0,9.0,0.54,27,-
NPA46,NPA45,NPA47,NPA,46,Cascadia,234.6,44.0,230.9,43.9,245.8,43.6,89.0,3.0,340,-,-,-,-,-,-,-,-,-,3.5,-,-,-,1.8,-,undefined,accretionary, continental,neutral,117,296,98,95,243,50,8,88,27,12,16,45,-,300,44,JUAN_DE_FUCA,Argus et al. (2011),NORTH_AMERICA,Argus et al. (2011),DEF_OREGON,Mazzotti et al. (2002),30,51,38,23,11,33,44,45,23,6,0,89,0,26,238,149,22,10,5,84,1,24,250,161,22,17,216,127,10,17,52,37,13,13,231,142,10,18,222,133,12,15,45,44,11,14,238,149,12,21,218,129,13,13,52,37,10,17,230,141,13,JUAN_DE_FUCA,Gripp & Gordon (2002),NORTH_AMERICA,Gripp & Gordon (2002),OREGON,Mazzotti et al. (2002),26,67,22,24,10,30,51,38,24,-,-,-,-1,25,253,16,24,10,1,88,0,24,268,1,24,22,222,53,13,11,76,2,11,17,222,39,13,22,222,55,13,12,76,6,12,17,238,43,13,22,233,36,18,8,58,31,7,19,249,20,18,20,222,47,13,11,76,13,11,15,238,31,13,-,5,-,5,-,130,-,30,-,127,-,11,0,0,0,0,0,397.02,0,8.6,0,9.0,0.54,27,17
NPA47,NPA46,-,NPA,47,Cascadia,234.7,42.0,231.1,41.8,245.6,42.1,86.0,3.1,289,-,-,-,-,-,-,-,-,-,3.5,-,-,-,-,-,undefined,accretionary, continental,neutral,172,573,289,89,343,198,6,-,22,10,-,-,960,300,42,JUAN_DE_FUCA,Argus et al. (2011),NORTH_AMERICA,Argus et al. (2011),DEF_OREGON,Mazzotti et al. (2002),26,46,40,20,-,31,38,48,21,6,0,86,0,27,239,153,24,11,340,106,-3,24,250,164,23,17,217,131,11,13,41,45,9,13,232,146,11,18,223,137,13,13,32,54,7,15,239,153,13,21,217,131,14,10,40,46,7,16,230,144,13,JUAN_DE_FUCA,Gripp & Gordon (2002),NORTH_AMERICA,Gripp & Gordon (2002),OREGON,Mazzotti et al. (2002),22,57,29,19,-,26,43,43,19,-,-,-,0,26,253,13,25,14,345,79,-3,24,270,4,24,22,221,51,14,9,53,17,9,16,221,37,12,23,221,53,14,9,53,9,9,16,239,41,12,22,234,32,19,8,22,64,4,18,252,14,17,19,221,45,14,11,53,34,9,14,239,27,12,-,5,-,5,-,130,-,30,-,127,-,11,0,0,0,0,0,397.02,0,8.6,0,9.0,0.54,27,-
